Title,URL
"Choosing the right AI chatbot : A Guide","https://beyondchats.com/blogs/choosing-the-right-ai-chatbot-a-guide/"
"Google Ads: Are you wasting your money on clicks?","https://beyondchats.com/blogs/google-ads-are-you-wasting-your-money-on-clicks/"
"Should you trust AI in healthcare?","https://beyondchats.com/blogs/should-you-trust-ai-in-healthcare/"
"Why we are building yet another AI Chatbot","https://beyondchats.com/blogs/why-we-are-building-yet-another-ai-chatbot/"
"Will AI Understand the Complexities of Patient Care?","https://beyondchats.com/blogs/will-ai-understand-the-complexities-of-patient-care/"
"Your website needs a receptionist","https://beyondchats.com/blogs/your-website-needs-a-receptionist/"
"What If AI Recommends the Wrong Medicine &#8211; Who’s Responsible?","https://beyondchats.com/blogs/what-if-ai-recommends-the-wrong-medicine-whos-to-blame-2/"
"What If AI Recommends the Wrong Medicine &#8211; Who’s to Blame?","https://beyondchats.com/blogs/what-if-ai-recommends-the-wrong-medicine-whos-to-blame/"
"AI in Healthcare: Hype or Reality?","https://beyondchats.com/blogs/ai-in-healthcare-hype-or-reality/"
"A complete AI solution for Doctors: Beyondchats","https://beyondchats.com/blogs/a-complete-ai-solution-for-doctors-beyondchats/"
"Use these ChatGPT prompt techniques to be more effective","https://beyondchats.com/blogs/chatgpt-prompt-techniques-to-be-more-effective/"
"Which chatbot is right for your business: Intercom vs BeyondChats","https://beyondchats.com/blogs/beyondchats-vs-intercom-comparison/"
"6 problems BeyondChats helps healthcare providers solve","https://beyondchats.com/blogs/the-future-of-healthcare-is-ai/"
"4 Reasons To Choose Beyondchats Over Other AI Chatbots","https://beyondchats.com/blogs/4-reasons-to-choose-beyondchats/"
"Which AI Chatbot Is Right for Your Business in 2025?","https://beyondchats.com/blogs/which-ai-chatbot-is-right-for-your-business/"
"Anyone can build AI chatbots, right?","https://beyondchats.com/blogs/can-anyone-build-ai-chatbots/"
"Why Emotionally Intelligent AI is the Next Big Thing in Technology?","https://beyondchats.com/blogs/emotionally-intelligent-ai/"
"How AI Makes Customer Experiences Better?","https://beyondchats.com/blogs/how-ai-makes-customer-experiences-better/"
"Are AI Chatbots the Future of Cybersecurity?","https://beyondchats.com/blogs/are-ai-chatbots-the-future-of-cybersecurity/"
"How AI Chatbots Assist Financial Planning?","https://beyondchats.com/blogs/how-ai-chatbots-assist/"
"How AI Chatbots Handle Multi-Language Support for Global Businesses?","https://beyondchats.com/blogs/how-ai-chatbots-handle-multi-language-support-for-global-businesses/"
"How Chatbots Mimic Human Interactions?","https://beyondchats.com/blogs/how-chatbots-mimic-human-interactions/"
"10 Best AI Productivity Tools to Skyrocket Your Efficiency","https://beyondchats.com/blogs/10-best-ai-productivity-tools/"
"How Business Automation Can Improve Customer Service Operations?","https://beyondchats.com/blogs/how-business-automation-can-improve-customer-service-operations/"
"How Chatbots in Education Transform Learning Experiences","https://beyondchats.com/blogs/chatbots-in-education/"
"Chatbot UI Examples for Designing a Great User Interface","https://beyondchats.com/blogs/chatbot-ui-examples-for-designing-a-great-user-interface/"
"How to Use AI Chatbots to Collect SaaS Customer Feedback?","https://beyondchats.com/blogs/ai-chatbots-saas-customer-feedback/"
"Top 30+ Generative AI Tools for Enterprises and Creatives","https://beyondchats.com/blogs/generative-ai-tools/"
"How WhatsApp Bots Boost Lead Generation?","https://beyondchats.com/blogs/how-whatsapp-bots-boost-lead-generation/"
"Healthcare Chatbots – Their Benefits, Use Cases, And Examples","https://beyondchats.com/blogs/healthcare-chatbots-their-benefits-use-cases-and-examples/"
"Best AI Chatbot for Handling Open-Ended Conversations","https://beyondchats.com/blogs/best-ai-chatbot-for-handling-open-ended-conversations/"
"Top 5 Mistakes To Avoid While Implementing an AI Chatbot","https://beyondchats.com/blogs/top-5-mistakes-to-avoid-while-implementing-an-ai-chatbot/"
"Top 5 Ways AI Chatbots Can Reduce Business Costs","https://beyondchats.com/blogs/top-5-ways-ai-chatbots-can-reduce-business-costs/"
"HOW TO GET TRAFFIC USING LOW SEARCH VOLUME KEYWORDS?","https://beyondchats.com/blogs/how-to-get-traffic-using-low-search-volume-keywords/"
"How to Perform SEO Audits in 1 day?","https://beyondchats.com/blogs/how-to-perform-seo-audits-in-1-day/"
"Why did Medical Appraisals shift their customer support from Moneypenny to BeyondChats?","https://beyondchats.com/blogs/why-did-medical-appraisals-shift-their-customer-support-from-moneypenny-to-beyondchats/"
"Why are AI chatbots essential for small businesses?","https://beyondchats.com/blogs/why-are-ai-chatbots-essential-for-small-businesses/"
"Brik Oven transforms customer service with 90% automation powered by Beyondchats AI chatbot","https://beyondchats.com/blogs/brik-oven-transforms-customer-service-with-90-automation-powered-by-beyondchats-ai-chatbot/"
"How to use AI to get quality backlinks?","https://beyondchats.com/blogs/how-to-use-ai-to-get-quality-backlinks/"
"Train your Beyondchats AI chatbot in 9 steps!","https://beyondchats.com/blogs/train-your-beyondchats-ai-chatbot-in-9-steps/"
"Can AI automate on-page SEO?","https://beyondchats.com/blogs/can-ai-automate-on-page-seo/"
"Screaming frog ultimate guide","https://beyondchats.com/blogs/screaming-frog-ultimate-guide/"
"Google&#8217;s 2024 latest updates on SEO","https://beyondchats.com/blogs/googles-2024-latest-updates-on-seo/"
"Are AI Chatbots Worth Trying?","https://beyondchats.com/blogs/are-ai-chatbots-worth-trying/"
"Are content writers replaceable?","https://beyondchats.com/blogs/are-content-writers-replaceable/"
"Are free AI chatbots safe?","https://beyondchats.com/blogs/are-free-ai-chatbots-safe/"
"What is Kerala CM Pinarayi Vijayan&#8217;s vision for AI schools?","https://beyondchats.com/blogs/what-is-kerala-cm-pinarayi-vijayans-vision-for-ai-schools/"
"Why should I have a chatbot on my Website?","https://beyondchats.com/blogs/why-should-i-have-a-chatbot-on-my-website/"
"What’s next for AI in 2024","https://beyondchats.com/blogs/whats-next-for-ai-in-2024/"
"Is Beyondchats Chatbot Better Than Gupshup?","https://beyondchats.com/blogs/is-beyondchats-chatbot-better-than-gupshup/"
"GPT-5: Facts to know","https://beyondchats.com/blogs/gpt-5-facts-to-know/"
"Have You Had a Bad Experience with AI Chatbots?","https://beyondchats.com/blogs/have-you-had-a-bad-experience-with-ai-chatbots/"
"Why brikoven chose beyondchats even though they were using Gupshups enterprise plan?","https://beyondchats.com/blogs/why-brikoven-choose-beyondchats-even-though-they-were-using-gupshups-enterprise-plan/"
"Why Choose BeyondChats for AI Chatbots?","https://beyondchats.com/blogs/why-choose-beyondchats-for-ai-chatbots/"
"10 AI trends that can help you in 2024","https://beyondchats.com/blogs/10-ai-trends-that-can-help-you-in-2024/"
"Will AI Replace Customer Service Jobs by 2029?","https://beyondchats.com/blogs/will-ai-replace-customer-service-jobs-by-2029/"
"How to use GPT-4o to 10X your productivity?","https://beyondchats.com/blogs/how-to-use-gpt-4o-to-10x-your-productivity/"
"Are free AI chatbots worth it?","https://beyondchats.com/blogs/are-free-ai-chatbots-worth-it/"
"How do we reduce hallucinations from AI chatbots?","https://beyondchats.com/blogs/how-do-we-reduce-hallucinations-from-ai-chatbots/"
"Can AI write good blogs?","https://beyondchats.com/blogs/can-ai-write-good-blogs/"
"How can AI be used in marketing?","https://beyondchats.com/blogs/how-can-ai-be-used-in-marketing/"
"Rule-Based Chatbots vs. AI Chatbots: 5 Key Differences","https://beyondchats.com/blogs/rule-based-chatbots-vs-ai-chatbots-5-key-differences/"
"Can AI Chatbots Really Be Our Best Friends?","https://beyondchats.com/blogs/can-ai-chatbots-really-be-our-best-friends/"
"How can AI chatbot help in therapy?","https://beyondchats.com/blogs/how-can-ai-chatbot-help-in-therapy/"
"Conversational AI vs Chatbot : What is the difference?","https://beyondchats.com/blogs/conversational-ai-vs-chatbot-what-is-the-difference/"
"Can AI Chatbots really Talk Like Humans?","https://beyondchats.com/blogs/can-ai-chatbots-really-talk-like-humans/"
"Why are businesses investing in conversational AI?","https://beyondchats.com/blogs/why-are-businesses-investing-in-conversational-ai/"
"Can AI chatbots help to improve my English?","https://beyondchats.com/blogs/can-ai-chatbots-help-to-improve-my-english/"
"Can AI Chatbots replace humans?","https://beyondchats.com/blogs/can-ai-chatbots-replace-humans/"
"Why do AI chatbots hallucinate?","https://beyondchats.com/blogs/why-do-ai-chatbots-hallucinate/"
"Can Conversational AI Chatbots Provide Medical Advice?","https://beyondchats.com/blogs/can-conversational-ai-chatbots-provide-medical-advice/"
"Conversational AI generates 69,000 leads for Tata Motors Finance","https://beyondchats.com/blogs/leads-generation-through-conversational-ai/"
"Can AI Chatbots Improve Customer Engagement?","https://beyondchats.com/blogs/chatbot-improve-customer-engagement/"
"Don’t just tawk with the customers, convert them into lead!","https://beyondchats.com/blogs/beyondchats-vs-tawk/"
"Add buttons to increase lead generation in just 5 steps","https://beyondchats.com/blogs/add-buttons-to-your-chatbot/"
"How AI can improve your customer experience in 2024","https://beyondchats.com/blogs/ai-customer-experience/"
"Top 5 Reasons Why Chatbots Fail?","https://beyondchats.com/blogs/chatbots-fail/"
"How to Use Chatbots for Business?","https://beyondchats.com/blogs/how-to-use-chatbots-for-business/"
"Chatbots vs Conversational AI: What’s the difference?","https://beyondchats.com/blogs/chatbots-vs-conversational-ai-whats-the-difference/"
"Top 5 Free Chatbots for Websites","https://beyondchats.com/blogs/top-5-free-chatbots-for-websites/"
"IVFIndia improved their CX by 95.8% using Beyondchats","https://beyondchats.com/blogs/beyondchats-helped-ivfindia-improve-cx/"
"How Marketing Chatbots help Businesses?","https://beyondchats.com/blogs/marketing-chatbots/"
"How to increase B2B lead generation?","https://beyondchats.com/blogs/how-to-increase-b2b-lead-generation/"
"Why Are Chatbots Important?","https://beyondchats.com/blogs/why-are-chatbots-important/"
"How Chatbots Can Increase Your Call Centre Productivity","https://beyondchats.com/blogs/chatbots-increase-call-centre-productivity/"
"Which Activities Will Not Help With Lead Generation?","https://beyondchats.com/blogs/which-activities-will-not-help-with-lead-generation/"
"5 Ways Chatbot Helps In SEO Campaigns","https://beyondchats.com/blogs/5-ways-chatbot-helps-in-seo-campaigns/"
"Top 10 Lead Generation Tools Every Business Should Use","https://beyondchats.com/blogs/10-lead-generation-tools/"
"Use AI Chatbots to Answer FAQs on Websites","https://beyondchats.com/blogs/use-ai-chatbots-to-answer-faqs-on-websites/"
"Upscale your Travel Business Using AI Chatbots","https://beyondchats.com/blogs/travel-business-using-ai-chatbots/"
"How AI Reshapes Internal Communications for Success","https://beyondchats.com/blogs/ai-reshapes-internal-communications/"
"Top Generative AI Practical Applications for Business in 2024","https://beyondchats.com/blogs/generative-ai-practical-applications/"
"How Chatbots Ignite Startup Growth","https://beyondchats.com/blogs/how-chatbots/"
"How AI Agents can Transform your Business Operations","https://beyondchats.com/blogs/how-ai-agents-transform-business-operations/"
"Can Good Customer Communication Fuel Growth?","https://beyondchats.com/blogs/efficient-customer-communication/"
"Boost Your Sales with Messenger Chatbots","https://beyondchats.com/blogs/messenger-chatbots/"
"The Complete Guide to Automating Customer Service","https://beyondchats.com/blogs/automating-customer-service/"
"5 Methods to Drastically Reduce Call Center Costs","https://beyondchats.com/blogs/reduce-call-center-costs/"
"How Can Chatbots Lower Bounce Rates?","https://beyondchats.com/blogs/lower-bounce-rates-with-chatbots/"
"Chatbots vs. Humans: The Future of Customer Service","https://beyondchats.com/blogs/chatbots-vs-humans/"
"Can Chatbots Automate Interactions Across Diverse Sectors?","https://beyondchats.com/blogs/chatbots-automate-interactions/"
"How to Reduce Time Resolution with Chatbots","https://beyondchats.com/blogs/reduce-time-resolution-with-chatbots/"
"How to Calculate Your Chatbot ROI","https://beyondchats.com/blogs/calculate-your-chatbot-roi/"
"How FAANG Companies Turn Services into Profits","https://beyondchats.com/blogs/faang-companies-customer-service/"
"Why Include Chatbots in Your PPC Campaigns?","https://beyondchats.com/blogs/chatbots-for-ppc-campaigns/"
"Wellness at Your Fingertips: The Fiery Power of Healthcare Chatbots","https://beyondchats.com/blogs/healthcare-chatbots/"
"The Profit-Generating Potential of Legal Chatbots","https://beyondchats.com/blogs/legal-chatbots/"
"How Chatbots Increase Admissions on University Websites","https://beyondchats.com/blogs/chatbots-for-universities/"
"How to Choose the Perfect Chatbot Platform?","https://beyondchats.com/blogs/chatbot-platform/"
"How Can Chatbots Skyrocket Conversion Rates?","https://beyondchats.com/blogs/how-can-chatbots-skyrocket-conversion-rates/"
"How Chatbots Boost Business Growth?","https://beyondchats.com/blogs/6-dynamic-ways-chatbots-help-business-growth/"
"10 Strategic Tips to Boost Engagement with Chatbots","https://beyondchats.com/blogs/boost-engagement-with-chatbots/"
"How Do Chatbots Boost Your Marketing Game?","https://beyondchats.com/blogs/ways-chatbots-boost-your-marketing/"
"How Chatbots Shape Personalized Customer Journeys","https://beyondchats.com/blogs/personalization-with-chatbots/"
"Integrate Chatbots with CRM to Maximize ROI","https://beyondchats.com/blogs/integrating-chatbots-with-crm/"
"7 Key Chatbot Benefits for Business Growth","https://beyondchats.com/blogs/chatbot-benefits/"
"How Can Chatbots Cut Customer Support Costs?","https://beyondchats.com/blogs/reduce-customer-support-costs-with-chatbots/"
"From 0 to Sales Hero: How Sales Chatbots Increase Conversions","https://beyondchats.com/blogs/sales-chatbots/"
"Can Chatbots Boost Your E-commerce Conversions?","https://beyondchats.com/blogs/boost-conversion-rate-using-chatbots/"
"10 Solutions for Common Customer Service Issues","https://beyondchats.com/blogs/common-customer-service-issues/"
"Chatbots Vs Live Chat: What is best?","https://beyondchats.com/blogs/chatbots-vs-live-chat/"
"8 Ways a Switch in Customer Service Platforms Boosts Efficiency","https://beyondchats.com/blogs/customer-service-platforms/"
"Can Chatbots Boost Small Business Growth?","https://beyondchats.com/blogs/chatbots-for-small-business-growth/"
"10X Your Leads: How Chatbots Revolutionize Lead Generation","https://beyondchats.com/blogs/lead-generation-chatbots/"
"7 Clear Indicators Your Business Needs a Virtual Assistant","https://beyondchats.com/blogs/virtual-assistant/"
"7 ways a Live Chatbot transforms customer interaction","https://beyondchats.com/blogs/live-chatbot/"
"Chatbots Magic: Beginner&#8217;s Guidebook","https://beyondchats.com/blogs/introduction-to-chatbots/"